budget,seed,method,accuracy,macro_f1,mae,severe,nll,brier,rps,central_fraction,ece5,ece10,ece15,ece30,fit_seconds
2000,42,CE,0.3438914027149321,0.25448007858757543,0.9927601809954751,0.26289592760180996,1.4886510434787417,0.751647936796752,0.16519440658059892,0.07873303167420814,0.001832220090729433,0.011063245473181877,0.008525901660411877,0.030468254525987205,0.3538857129999542
2000,42,CE+TS,0.3438914027149321,0.25448007858757543,0.9927601809954751,0.26289592760180996,1.4877788867632002,0.7516942167118027,0.16417169285135175,0.07873303167420814,0.013423105186673386,0.013423105186673353,0.018302579772013088,0.022981219925535673,0.3538857129999542
2000,42,CE-median,0.281447963800905,0.20479236170000698,0.9524886877828054,0.21764705882352942,1.4886510434787417,0.751647936796752,0.16519440658059892,0.5868778280542987,0.001832220090729433,0.011063245473181877,0.008525901660411877,0.030468254525987205,0.3538857129999542
2000,42,NB,0.34932126696832577,0.19690933567551755,0.9864253393665159,0.2524886877828054,1.526990548863871,0.7659818032609353,0.1691574906052971,0.013574660633484163,0.022561072016671305,0.022561072016671277,0.023212123663745497,0.02973466429459367,0.001840947999880882
2000,42,Cumulative,0.3588235294117647,0.24434251876209415,0.9334841628959276,0.23076923076923078,1.4999378887792678,0.75020766367907,0.16422866260121627,0.08823529411764706,0.0134704233759657,0.015696651042706424,0.014076724941162003,0.018242617794530867,0.08641255199995612
2000,42,DP1,0.35158371040723985,0.2560380257412379,0.9660633484162896,0.251131221719457,1.482510476730105,0.7509262529050468,0.16188099050956384,0.09276018099547512,0.028930327937934392,0.028930327937934375,0.029845814346001198,0.03653308935189544,0.3991508609999528
2000,42,DP1+TS,0.35158371040723985,0.2560380257412379,0.9660633484162896,0.251131221719457,1.4807504447389381,0.7496295489250595,0.1626973119576212,0.09276018099547512,0.012691594047764446,0.01269159404776442,0.015460583840481084,0.024295101951193995,0.3991508609999528
2000,42,DP2,0.34796380090497736,0.24608491926626003,0.9687782805429864,0.2506787330316742,1.484216658177931,0.7513920164691953,0.16284295614737235,0.09457013574660633,0.021649645401375157,0.021649645401375157,0.02197288588151507,0.031227797751807385,0.44645465200005674
2000,42,DP2+TS,0.34796380090497736,0.24608491926626003,0.9687782805429864,0.2506787330316742,1.4834739569093107,0.7508777332758421,0.16326116714617692,0.09457013574660633,0.013147563295379652,0.01314756329537963,0.01344977246861974,0.017943129409792577,0.44645465200005674
2000,42,OLL,0.34751131221719456,0.21543208750738999,0.932579185520362,0.2248868778280543,10.05462749746845,0.8453642765038273,0.18026389397328227,0.09864253393665158,0.1155524445792311,0.11555244457923107,0.11555244457923107,0.11555244457923106,0.3990895580000142
2000,42,OLL+TS,0.34751131221719456,0.21543208750738999,0.932579185520362,0.2248868778280543,1.686038754568056,0.8150247393412222,0.19013148499314228,0.09864253393665158,0.05302033266398298,0.05302033266398298,0.05302033266398298,0.05302033266398298,0.3990895580000142
2000,42,LS,0.34434389140271493,0.2552626399214203,0.9923076923076923,0.26244343891402716,1.4915347959245893,0.7524104120931852,0.16640257472638553,0.07782805429864253,0.01754597467075139,0.01754597467075138,0.020790085865482148,0.02999308377957298,0.3087714010000582
2000,42,LS+TS,0.34434389140271493,0.2552626399214203,0.9923076923076923,0.26244343891402716,1.4876021830591926,0.7515775967244169,0.16405981058122218,0.07782805429864253,0.013587365178144278,0.013587365178144224,0.019983853336906634,0.024815914768392,0.3087714010000582
2000,123,CE,0.3561085972850679,0.27685529697738953,1.0009049773755656,0.269683257918552,1.4792235050534388,0.7478878625125669,0.1652436076348019,0.07647058823529412,0.020526197657085982,0.02052619765708595,0.02180985100811731,0.028784484525476356,0.5440215389999139
2000,123,CE+TS,0.3561085972850679,0.27685529697738953,1.0009049773755656,0.269683257918552,1.476514431152141,0.7475939011625288,0.16340399479345966,0.07647058823529412,0.01866171898631394,0.019063236206218935,0.019674812070997465,0.02596474040040754,0.5440215389999139
2000,123,CE-median,0.27737556561085974,0.19947853862382353,0.9524886877828054,0.21402714932126696,1.4792235050534388,0.7478878625125669,0.1652436076348019,0.6280542986425339,0.020526197657085982,0.02052619765708595,0.02180985100811731,0.028784484525476356,0.5440215389999139
2000,123,NB,0.3425339366515837,0.19128252203287036,0.9968325791855204,0.25701357466063346,1.521038968021078,0.7646096210755547,0.16967182649268311,0.014027149321266969,0.02397644906170142,0.024077344202701682,0.026345814890644942,0.03876547568762792,0.0023963500000263593
2000,123,Cumulative,0.3601809954751131,0.24727835920852298,0.9506787330316742,0.23710407239819004,1.4764475530423942,0.7462486047801191,0.16431575557106828,0.09321266968325792,0.022840903053769967,0.022840903053769988,0.022840903053769974,0.025849764585185037,0.13277930499998547
2000,123,DP1,0.3574660633484163,0.27772175218508516,0.9995475113122172,0.2692307692307692,1.4783672413182252,0.7476448264695352,0.16500819310571763,0.07692307692307693,0.02006466248389423,0.020064662483894265,0.023162247690692386,0.03223680467565017,0.3453860839999834
2000,123,DP1+TS,0.3574660633484163,0.27772175218508516,0.9995475113122172,0.2692307692307692,1.4760747823607954,0.747484104093202,0.16331187075851003,0.07692307692307693,0.019877493196627138,0.020280317619942895,0.020619423179530475,0.027822517808902443,0.3453860839999834
2000,123,DP2,0.3583710407239819,0.2788178367570934,0.9968325791855204,0.2683257918552036,1.4785487434114788,0.7477216840450862,0.16506687902954806,0.07737556561085973,0.021885735991091778,0.021885735991091778,0.023199308692568928,0.03152948059535503,0.30893912600004114
2000,123,DP2+TS,0.3583710407239819,0.2788178367570934,0.9968325791855204,0.2683257918552036,1.4761804769809221,0.7475352595861363,0.16333568881990748,0.07737556561085973,0.02035086955411934,0.0207518439435213,0.021086924214141448,0.02720366659786731,0.30893912600004114
2000,123,OLL,0.3570135746606335,0.22529223077798766,0.930316742081448,0.2239819004524887,9.861687890302074,0.8439137817757437,0.1813445280890189,0.10542986425339367,0.09639300937138336,0.09639300937138331,0.09639300937138334,0.09639300937138336,0.2824632340000335
2000,123,OLL+TS,0.3570135746606335,0.22529223077798766,0.930316742081448,0.2239819004524887,1.680972569589493,0.8141252162549356,0.19003604922727366,0.10542986425339367,0.06416431418485008,0.06416431418485005,0.06416431418485008,0.06416431418485005,0.2824632340000335
2000,123,LS,0.3565610859728507,0.27711749050376944,1.0004524886877828,0.269683257918552,1.4835109296183868,0.7492467720816971,0.1664843557104608,0.0760180995475113,0.035355909207441326,0.03535590920744127,0.03535590920744128,0.038586569540437,0.24472562500000095
2000,123,LS+TS,0.3565610859728507,0.27711749050376944,1.0004524886877828,0.269683257918552,1.4763034773315407,0.7475174184653137,0.16330134125423526,0.0760180995475113,0.019022386841249544,0.01943239121021538,0.019429155591948428,0.023317235530937137,0.24472562500000095
2000,999,CE,0.3506787330316742,0.26044686249406845,0.9769230769230769,0.248868778280543,1.4815928296264844,0.748868007755674,0.16460064697019977,0.08235294117647059,0.019047452629202634,0.02313671589170926,0.021829720339569363,0.02449343411419829,0.31492688000003
2000,999,CE+TS,0.3506787330316742,0.26044686249406845,0.9769230769230769,0.248868778280543,1.4803419797906765,0.7487091092983029,0.16384606889077724,0.08235294117647059,0.010423760680884308,0.010512913558591208,0.022830326864446523,0.024311865107573213,0.31492688000003
2000,999,CE-median,0.2692307692307692,0.19663968876103796,0.9610859728506788,0.21312217194570135,1.4815928296264844,0.748868007755674,0.16460064697019977,0.6135746606334842,0.019047452629202634,0.02313671589170926,0.021829720339569363,0.02449343411419829,0.31492688000003
2000,999,NB,0.35158371040723985,0.19330130375629723,0.9714932126696832,0.2429864253393665,1.5200534991318808,0.7629942511396341,0.16865068558403246,0.00904977375565611,0.018728310511837154,0.0233930293981092,0.020270113146450722,0.024144508079405318,0.002280769999970289
2000,999,Cumulative,0.3583710407239819,0.24909897813652146,0.932579185520362,0.2248868778280543,1.4777082226230398,0.747347993294782,0.1636477131670422,0.10407239819004525,0.017232758913280206,0.017904587685011176,0.017483361183463945,0.02312296732487258,0.08631493100006082
2000,999,DP1,0.35248868778280545,0.26165972427159645,0.9624434389140272,0.2402714932126697,1.4751791969434314,0.7481389813307769,0.16130920597792983,0.10407239819004525,0.02702319397790251,0.027023193977902468,0.0270231939779025,0.030861563055660398,0.32975391199988735
2000,999,DP1+TS,0.35248868778280545,0.26165972427159645,0.9624434389140272,0.2402714932126697,1.4741464296450002,0.7468070868622043,0.16249435874988,0.10407239819004525,0.011274788540432047,0.011496437380146234,0.01917484984347775,0.019174849843477754,0.32975391199988735
2000,999,DP2,0.35158371040723985,0.259135721286781,0.9647058823529412,0.2411764705882353,1.4775051982043033,0.7481029133617353,0.16315151208951903,0.09909502262443438,0.006656725828350061,0.007750641524610629,0.019084513567836962,0.025570819295011146,0.3344425020000017
2000,999,DP2+TS,0.35158371040723985,0.259135721286781,0.9647058823529412,0.2411764705882353,1.4775857465771511,0.7480692946957486,0.163274349063528,0.09909502262443438,0.007617695590726406,0.007617695590726375,0.018836865655719213,0.02757596423299507,0.3344425020000017
2000,999,OLL,0.34615384615384615,0.21599305699317886,0.9289592760180996,0.2153846153846154,9.891717681929418,0.8440207316813975,0.1798861043380879,0.11131221719457013,0.11448125658925601,0.11448125658925602,0.11448125658925606,0.11448125658925601,0.3310358260000612
2000,999,OLL+TS,0.34615384615384615,0.21599305699317886,0.9289592760180996,0.2153846153846154,1.68148375709033,0.8140972203290441,0.18996281863555067,0.11131221719457013,0.05282253490715566,0.05282253490715568,0.05282253490715566,0.05282253490715568,0.3310358260000612
2000,999,LS,0.351131221719457,0.2607031616606693,0.9755656108597285,0.2484162895927602,1.485197927206243,0.7498525571369576,0.1658415691586576,0.08190045248868778,0.025462878664758354,0.027819417949858816,0.03077083007068552,0.030852265941450963,0.3060539189998508
2000,999,LS+TS,0.351131221719457,0.2607031616606693,0.9755656108597285,0.2484162895927602,1.4802544461192453,0.7486431967018392,0.16375809170441888,0.08190045248868778,0.009907257959726455,0.01045264537639901,0.02258978134402126,0.025593215299077474,0.3060539189998508
full,42,CE,0.4076923076923077,0.35057155300023585,0.8298642533936652,0.18823529411764706,1.375394395502169,0.7052206654371674,0.14388094509480728,0.10090497737556561,0.02215388696842443,0.024016076375115988,0.0337399083340854,0.035902162914908706,1.4742166569999426
full,42,CE+TS,0.4076923076923077,0.35057155300023585,0.8298642533936652,0.18823529411764706,1.3677505216031043,0.704585548953732,0.14045698358660094,0.10090497737556561,0.022568000128286265,0.03268560341447002,0.02611355611425467,0.0373186929968695,1.4742166569999426
full,42,CE-median,0.35384615384615387,0.27920747793155853,0.8022624434389141,0.1420814479638009,1.375394395502169,0.7052206654371674,0.14388094509480728,0.41990950226244345,0.02215388696842443,0.024016076375115988,0.0337399083340854,0.035902162914908706,1.4742166569999426
full,42,NB,0.3936651583710407,0.24500845744907712,0.8371040723981901,0.18009049773755656,1.43389532164844,0.7288180816096552,0.1519343882939003,0.02398190045248869,0.01287356892527537,0.019195137440019754,0.027058853053710037,0.028344824686474392,0.0037176479997924616
full,42,Cumulative,0.4117647058823529,0.3293157954640391,0.7832579185520362,0.15701357466063348,1.3702416242136535,0.7027276211941533,0.14268253340336737,0.11538461538461539,0.025291551051125634,0.02541486379560458,0.02529155105112561,0.027205473735546538,0.5649003810001432
full,42,DP1,0.4095022624434389,0.3497508056500401,0.8190045248868778,0.18280542986425338,1.3629435683602478,0.7022108780010794,0.14099613641371592,0.1076923076923077,0.004558509055325637,0.013996054540861488,0.03019176656801951,0.03255990151199994,2.106767905999959
full,42,DP1+TS,0.4095022624434389,0.3497508056500401,0.8190045248868778,0.18280542986425338,1.3608804534608203,0.7028810894136747,0.13951035008565504,0.1076923076923077,0.02340850876064594,0.03742258981911989,0.02752016804221032,0.03847758655227711,2.106767905999959
full,42,DP2,0.4104072398190045,0.3427157619227125,0.8031674208144797,0.17194570135746606,1.3588369893516827,0.7018325719634247,0.1402938785575739,0.11990950226244344,0.006559524218132438,0.017741664477672732,0.021393002364687805,0.033503632863302185,1.860598742000093
full,42,DP2+TS,0.4104072398190045,0.3427157619227125,0.8031674208144797,0.17194570135746606,1.3578318493316195,0.7025590562455226,0.1392397694681298,0.11990950226244344,0.02245201666261075,0.03542854715274861,0.025371880062962683,0.0458064634124616,1.860598742000093
full,42,OLL,0.38371040723981903,0.249715765230981,0.790497737556561,0.1434389140271493,11.712994067472355,0.8277942529204027,0.16600736846470962,0.151131221719457,0.12073355263685795,0.12073355263685798,0.12073355263685796,0.12073355263685796,1.8643728090000877
full,42,OLL+TS,0.38371040723981903,0.249715765230981,0.790497737556561,0.1434389140271493,1.6975657630110055,0.8155431458665212,0.18956015661842,0.151131221719457,0.08417656731666756,0.08417656731666756,0.08417656731666756,0.08417656731666756,1.8643728090000877
full,42,LS,0.4095022624434389,0.35247176754685305,0.8271493212669683,0.18778280542986425,1.384839695005877,0.7080192127265207,0.14615506645323265,0.09909502262443438,0.04387484840337961,0.04440202505911728,0.04440202505911731,0.05012626335868111,1.5747596859998794
full,42,LS+TS,0.4095022624434389,0.35247176754685305,0.8271493212669683,0.18778280542986425,1.3681544367745677,0.7046350689073125,0.14036902460517653,0.09909502262443438,0.021506857700256454,0.032130614928553736,0.02712375677617099,0.039246787947417094,1.5747596859998794
full,123,CE,0.4076923076923077,0.35057155300023585,0.8298642533936652,0.18823529411764706,1.375394395502169,0.7052206654371674,0.14388094509480728,0.10090497737556561,0.02215388696842443,0.024016076375115988,0.0337399083340854,0.035902162914908706,1.4267941620000784
full,123,CE+TS,0.4076923076923077,0.35057155300023585,0.8298642533936652,0.18823529411764706,1.367944522318315,0.7042435491562521,0.14085572280741057,0.10090497737556561,0.01577113276433381,0.026524964232591763,0.019427838811664367,0.0383027526359566,1.4267941620000784
full,123,CE-median,0.35384615384615387,0.27920747793155853,0.8022624434389141,0.1420814479638009,1.375394395502169,0.7052206654371674,0.14388094509480728,0.41990950226244345,0.02215388696842443,0.024016076375115988,0.0337399083340854,0.035902162914908706,1.4267941620000784
full,123,NB,0.40271493212669685,0.36275030298820676,0.8276018099547511,0.18280542986425338,1.4038328182316588,0.7199402678970723,0.13640995680440277,0.13574660633484162,0.08072319595668552,0.08072319595668553,0.08072319595668556,0.08114788045112492,0.0037258759998621827
full,123,Cumulative,0.4117647058823529,0.3293157954640391,0.7832579185520362,0.15701357466063348,1.3702416242136535,0.7027276211941533,0.14268253340336737,0.11538461538461539,0.025291551051125634,0.02541486379560458,0.02529155105112561,0.027205473735546538,0.4274579549999089
full,123,DP1,0.4095022624434389,0.3497508056500401,0.8190045248868778,0.18280542986425338,1.3629435683602478,0.7022108780010794,0.14099613641371592,0.1076923076923077,0.004558509055325637,0.013996054540861488,0.03019176656801951,0.03255990151199994,1.5678313969999635
full,123,DP1+TS,0.4095022624434389,0.3497508056500401,0.8190045248868778,0.18280542986425338,1.3610164318406435,0.7025233127572063,0.13985377811316094,0.1076923076923077,0.017272763342031358,0.029733538291299023,0.02401128345801051,0.042351722398217655,1.5678313969999635
full,123,DP2,0.4104072398190045,0.3427157619227125,0.8031674208144797,0.17194570135746606,1.3588369893516827,0.7018325719634247,0.1402938785575739,0.11990950226244344,0.006559524218132438,0.017741664477672732,0.021393002364687805,0.033503632863302185,1.759462269999858
full,123,DP2+TS,0.4104072398190045,0.3427157619227125,0.8031674208144797,0.17194570135746606,1.3578574078473329,0.7022415664473942,0.1395089014214918,0.11990950226244344,0.017147330000498513,0.02929529158605375,0.023088073800721472,0.044892518510696644,1.759462269999858
full,123,OLL,0.38371040723981903,0.249715765230981,0.790497737556561,0.1434389140271493,11.712994067472355,0.8277942529204027,0.16600736846470962,0.151131221719457,0.12073355263685795,0.12073355263685798,0.12073355263685796,0.12073355263685796,1.6138442679998661
full,123,OLL+TS,0.38371040723981903,0.249715765230981,0.790497737556561,0.1434389140271493,1.697565763969228,0.8155431460251865,0.18956015664130224,0.151131221719457,0.08417656708995552,0.08417656708995541,0.08417656708995552,0.08417656708995541,1.6138442679998661
full,123,LS,0.4095022624434389,0.35247176754685305,0.8271493212669683,0.18778280542986425,1.384839695005877,0.7080192127265207,0.14615506645323265,0.09909502262443438,0.04387484840337961,0.04440202505911728,0.04440202505911731,0.05012626335868111,1.6139185089998591
full,123,LS+TS,0.4095022624434389,0.35247176754685305,0.8271493212669683,0.18778280542986425,1.3683907361038001,0.7042572380487238,0.14080722888930478,0.09909502262443438,0.014320497186733302,0.024673860722510425,0.021427481626816885,0.035867915232638395,1.6139185089998591
full,999,CE,0.4076923076923077,0.35057155300023585,0.8298642533936652,0.18823529411764706,1.375394395502169,0.7052206654371674,0.14388094509480728,0.10090497737556561,0.02215388696842443,0.024016076375115988,0.0337399083340854,0.035902162914908706,1.453655045000005
full,999,CE+TS,0.4076923076923077,0.35057155300023585,0.8298642533936652,0.18823529411764706,1.3700360624227592,0.7040658956178291,0.14208579888001405,0.10090497737556561,0.0060909274700374225,0.010249195330946998,0.025699684802684062,0.029181637923760672,1.453655045000005
full,999,CE-median,0.35384615384615387,0.27920747793155853,0.8022624434389141,0.1420814479638009,1.375394395502169,0.7052206654371674,0.14388094509480728,0.41990950226244345,0.02215388696842443,0.024016076375115988,0.0337399083340854,0.035902162914908706,1.453655045000005
full,999,NB,0.40271493212669685,0.36275030298820676,0.8276018099547511,0.18280542986425338,1.4038328182316588,0.7199402678970723,0.13640995680440277,0.13574660633484162,0.08072319595668552,0.08072319595668553,0.08072319595668556,0.08114788045112492,0.003572548999954961
full,999,Cumulative,0.4117647058823529,0.3293157954640391,0.7832579185520362,0.15701357466063348,1.3702416242136535,0.7027276211941533,0.14268253340336737,0.11538461538461539,0.025291551051125634,0.02541486379560458,0.02529155105112561,0.027205473735546538,0.39394313599996167
full,999,DP1,0.4095022624434389,0.3497508056500401,0.8190045248868778,0.18280542986425338,1.3629435683602478,0.7022108780010794,0.14099613641371592,0.1076923076923077,0.004558509055325637,0.013996054540861488,0.03019176656801951,0.03255990151199994,1.5277885120001429
full,999,DP1+TS,0.4095022624434389,0.3497508056500401,0.8190045248868778,0.18280542986425338,1.362896529769812,0.7022077900101005,0.14097647800924035,0.1076923076923077,0.004889363777872262,0.015671417752185963,0.029781616352294597,0.03134996843806382,1.5277885120001429
full,999,DP2,0.4104072398190045,0.3427157619227125,0.8031674208144797,0.17194570135746606,1.3588369893516827,0.7018325719634247,0.1402938785575739,0.11990950226244344,0.006559524218132438,0.017741664477672732,0.021393002364687805,0.033503632863302185,1.7114255849999154
full,999,DP2+TS,0.4104072398190045,0.3427157619227125,0.8031674208144797,0.17194570135746606,1.3593643375449107,0.7018228572008433,0.14054808693144819,0.11990950226244344,0.0034300865418536064,0.017430535778748524,0.01840508249164058,0.03260632918469,1.7114255849999154
full,999,OLL,0.38371040723981903,0.249715765230981,0.790497737556561,0.1434389140271493,11.712994067472355,0.8277942529204027,0.16600736846470962,0.151131221719457,0.12073355263685795,0.12073355263685798,0.12073355263685796,0.12073355263685796,1.5094386089999716
full,999,OLL+TS,0.38371040723981903,0.249715765230981,0.790497737556561,0.1434389140271493,1.6975657627155445,0.8155431458175979,0.18956015661136447,0.151131221719457,0.08417656738657253,0.08417656738657253,0.08417656738657253,0.08417656738657253,1.5094386089999716
full,999,LS,0.4095022624434389,0.35247176754685305,0.8271493212669683,0.18778280542986425,1.384839695005877,0.7080192127265207,0.14615506645323265,0.09909502262443438,0.04387484840337961,0.04440202505911728,0.04440202505911731,0.05012626335868111,1.489064406000125
full,999,LS+TS,0.4095022624434389,0.35247176754685305,0.8271493212669683,0.18778280542986425,1.3705394035098406,0.704080407240778,0.14204083155883923,0.09909502262443438,0.007776482813922236,0.01039087108892292,0.0287512043751572,0.03178552458010786,1.489064406000125
