,,accuracy,accuracy,macro_f1,macro_f1,mae,mae,severe,severe,ece5,ece5,ece10,ece10,ece15,ece15,ece30,ece30,nll,nll,brier,brier,rps,rps,central_fraction,central_fraction,fit_seconds,fit_seconds
,,mean,std,mean,std,mean,std,mean,std,mean,std,mean,std,mean,std,mean,std,mean,std,mean,std,mean,std,mean,std,mean,std
budget,method,,,,,,,,,,,,,,,,,,,,,,,,,,
2000,CE,0.35022624434389144,0.006121153510619333,0.2639274126863444,0.01158655564560424,0.9901960784313726,0.012194828977796227,0.2604826546003016,0.010615015571591474,0.0138019567923393,0.010392430863073983,0.018242053007325634,0.006352571099368772,0.017388491002699468,0.007675233943347022,0.027915391055220565,0.0030807648941964844,1.4831557927195549,0.004904259415331407,0.7494679356883309,0.001950506292974797,0.16501288706186681,0.00035785696278955184,0.0791855203619909,0.002967166753077794,0.40427804399996603,0.12257908044719269
2000,CE+TS,0.35022624434389144,0.006121153510619333,0.2639274126863444,0.01158655564560424,0.9901960784313726,0.012194828977796227,0.2604826546003016,0.010615015571591474,0.014169528284623832,0.004169394421419576,0.0143330849838278,0.004347188950121193,0.0202692395691523,0.002321665667399598,0.024419275144505436,0.0014946575838700633,1.4815450992353394,0.005727792973910219,0.7493324090575447,0.0021200292081260974,0.1638072521785295,0.00038531821898932944,0.0791855203619909,0.002967166753077794,0.40427804399996603,0.12257908044719269
2000,CE-MAE,0.35113122171945693,0.004767264141562364,0.2811664670218877,0.023177876031163763,0.98763197586727,0.012194828977796198,0.25837104072398187,0.01052461841593937,0.043975422789184336,0.04190240374900818,0.0453657660786117,0.04078351192119898,0.04533072980966196,0.040722150988777954,0.04866513399351924,0.038210736588832,1.490563707288599,0.01762975892267308,0.7536478902070324,0.009140976456810727,0.16290433665185283,0.003509670487887195,0.09819004524886872,0.03265764810093418,0.3700067473334154,0.1774199699521896
2000,CE-median,0.2760180995475113,0.006220690988627866,0.2003035296949561,0.004138475167623419,0.9553544494720966,0.004963644848236664,0.2149321266968325,0.0023943450778865327,0.0138019567923393,0.010392430863073983,0.018242053007325634,0.006352571099368772,0.017388491002699468,0.007675233943347022,0.027915391055220565,0.0030807648941964844,1.4831557927195549,0.004904259415331407,0.7494679356883309,0.001950506292974797,0.16501288706186681,0.00035785696278955184,0.609502262443439,0.020888124683409528,0.40427804399996603,0.12257908044719269
2000,Cumulative,0.35912518853695324,0.0009419303165005092,0.24690661870237948,0.002399920769124517,0.9389140271493212,0.010198577076547154,0.230920060331825,0.006109993695483865,0.017848028447671933,0.004715441633399607,0.018814047260495802,0.0036579258793716456,0.018133663059465267,0.00441813013556946,0.0224051165681961,0.003854043701787225,1.484697888148234,0.013213271221515383,0.7479347539179905,0.002043710562445537,0.16406404377977554,0.0003631730726163375,0.09517345399698336,0.008098578436596567,0.10183559600000076,0.026798082533489267
2000,DP1,0.35384615384615387,0.0031674208144796654,0.26513983406597313,0.011252971663457935,0.9760180995475114,0.02045729331304491,0.2535444947209653,0.01462969007901313,0.025339394799910334,0.004666518053066475,0.025339394799910302,0.004666518053066457,0.026677085338198635,0.0033551988319393483,0.03321048569440193,0.0029584782704846326,1.478685638330587,0.003675996235135824,0.7489033535684531,0.0017692197577508758,0.1627327965310704,0.0019911822032629535,0.0912518853695324,0.01363736147814865,0.3580969523332745,0.036402730158177965
2000,DP1+TS,0.35384615384615387,0.0031674208144796654,0.26513983406597313,0.011252971663457935,0.9760180995475114,0.02045729331304491,0.2535444947209653,0.01462969007901313,0.014614625261607833,0.0046125013428174,0.014822783015951134,0.004763991271020857,0.018418285621163034,0.002661333856996498,0.02376415653452467,0.0043482142986138225,1.4769905522482445,0.0033959136775406694,0.7479735799601553,0.0014735206114307746,0.16283451382200373,0.0004256756215196011,0.0912518853695324,0.01363736147814865,0.3580969523332745,0.036402730158177965
2000,DP2,0.3526395173453996,0.005283342349362629,0.2613461591033781,0.01647803077953214,0.9767722473604827,0.01749167777694686,0.25339366515837103,0.013776775880215676,0.016730702406938934,0.00872511820957785,0.017095340972359135,0.008093608003739865,0.021418902713973603,0.0021125950255713863,0.0294426992140578,0.0033565374592220117,1.4800901999312377,0.0036115079809038654,0.7490722046253389,0.002018038451353324,0.16368711575547976,0.001204828498878215,0.09034690799396677,0.011459076870722494,0.3632787600000332,0.0731524251433165
2000,DP2+TS,0.3526395173453996,0.005283342349362629,0.2613461591033781,0.01647803077953214,0.9767722473604827,0.01749167777694686,0.25339366515837103,0.013776775880215676,0.013705376146741768,0.006384888110089738,0.0138390342765424,0.006594320459808544,0.0177911874461601,0.003924487722555814,0.024240920080218265,0.005457222450904561,1.4790800601557947,0.003869553226141379,0.7488274291859089,0.0017955802740262108,0.16329040167653744,3.9769771840206716e-05,0.09034690799396677,0.011459076870722494,0.3632787600000332,0.0731524251433165
2000,DP2-NLL,0.351734539969834,0.0036293241072446773,0.2554092232435563,0.008271736331380236,0.9683257918552036,0.008832226830743384,0.24766214177978876,0.008123820820208313,0.016299979073002832,0.005848230856900543,0.017989255816311566,0.004427653143298933,0.0200179236337486,0.00331592841938579,0.0247336716728042,0.006067482168167857,1.4784351584738291,0.005231537854650163,0.7489819833506361,0.0021919683740206043,0.1626570251867908,0.00037025358457856483,0.10105580693815984,0.00765673613664983,0.3013376119999975,0.01207439187641557
2000,DP2-fixed,0.3521870286576168,0.007971167578717258,0.26261699821844275,0.01354020732615267,0.9799396681749624,0.007014790922614547,0.2553544494720965,0.008893829856896279,0.012396684776867834,0.005182319098401959,0.013572794426419668,0.004446714087035317,0.020373089226838666,0.0031845604097354716,0.024983664057910165,0.005284151079226649,1.480470170713309,0.004984294396533529,0.7488886811671188,0.002012785115598757,0.16420711923367284,0.0003653393199681431,0.08657616892911006,0.00321022573963688,0.26853575500005417,0.016367550540915616
2000,LS,0.35067873303167413,0.006121153510619347,0.264361097361953,0.011377345634648074,0.9894419306184012,0.012688522946032092,0.2601809954751131,0.01081249153425203,0.026121587514316966,0.008923220554354854,0.026907100609350434,0.008939948783278298,0.028972275047869603,0.007447610525186075,0.033143973087153604,0.004732963195693807,1.4867478842497397,0.00423052984299443,0.7505032471039467,0.0016791970120945171,0.1662428331985013,0.0003499023500819101,0.07858220211161383,0.0030128181531580587,0.28651698166663664,0.036217872606405695
2000,LS+TS,0.35067873303167413,0.006121153510619347,0.264361097361953,0.011377345634648074,0.9894419306184012,0.012688522946032092,0.2601809954751131,0.01081249153425203,0.0141723366597067,0.004585633801054681,0.014490800588252833,0.004557532826559115,0.0206675967576254,0.0016876070588850425,0.024575455199468837,0.001156886588850019,1.481386702169993,0.005733819896313354,0.7492460706305234,0.0020961523332856374,0.16370641451329204,0.0003818662449825283,0.07858220211161383,0.0030128181531580587,0.28651698166663664,0.036217872606405695
2000,NB,0.34781297134238304,0.004709651582502536,0.19383105382156166,0.0028505673630009123,0.9849170437405732,0.012736839899575187,0.2508295625942684,0.007159242405011032,0.0217552771967366,0.0027152750373614348,0.023343815205827335,0.0007593331700076182,0.023276017233613666,0.0030383547706454538,0.0308815493538756,0.007377647487822716,1.5226943386722767,0.003753112540367502,0.7645285584920414,0.0014954247811934161,0.16916000089400418,0.0005105750826196236,0.012217194570135701,0.0027523812354290247,0.0021726893332924334,0.0002930510507122238
2000,OLL,0.3502262443438913,0.005917057389421776,0.21890579175951877,0.00553792598302491,0.9306184012066364,0.0018287112598766363,0.22141779788838614,0.005244446048480758,0.10880890351329013,0.010765810765322972,0.10880890351329009,0.010765810765322943,0.10880890351329009,0.010765810765322943,0.10880890351329009,0.010765810765322943,9.936011023233315,0.10381641520625022,0.8444329299869895,0.0008083404736862154,0.18049817546679633,0.0007569120311980281,0.10512820512820507,0.006340226110704014,0.33752953933336965,0.058583710168258474
2000,OLL+TS,0.3502262443438913,0.005917057389421776,0.21890579175951877,0.00553792598302491,0.9306184012066364,0.0018287112598766363,0.22141779788838614,0.005244446048480758,0.0566690605853295,0.00649183339889397,0.0566690605853295,0.00649183339889397,0.0566690605853295,0.00649183339889397,0.0566690605853295,0.00649183339889397,1.6828316937492929,0.002789132031060277,0.8144157253084007,0.0005276073465151733,0.1900434509519888,8.457643993675675e-05,0.10512820512820507,0.006340226110704014,0.33752953933336965,0.058583710168258474
2000,OLL-reg,0.18476621417797887,0.015152179010406462,0.07427162489683703,0.024945765528145918,1.1084464555052789,0.03866418092310618,0.2923076923076923,0.02507946870687972,0.20927374641512653,0.026221857382524208,0.20927374641512653,0.026221857382524208,0.20927374641512653,0.026221857382524208,0.20927374641512653,0.026221857382524208,6.512361212254073,0.3493231240516438,0.8856152781157681,0.009055917337017706,0.20196696185378268,0.0031994268704007706,0.9671191553544495,0.05695129352187257,0.09764823166665333,0.008461158595115975
2000,OLL-reg+TS,0.18476621417797887,0.015152179010406462,0.07427162489683703,0.024945765528145918,1.1084464555052789,0.03866418092310618,0.2923076923076923,0.02507946870687972,0.07879345423967272,0.016295928575481455,0.07879345423967272,0.016295928575481455,0.07879345423967272,0.016295928575481455,0.07879345423967272,0.016295928575481455,1.6125644044415068,0.005203818613405964,0.7996829057329032,0.001527203507008257,0.1879070995706047,0.0003245830276116341,0.9671191553544495,0.05695129352187257,0.09764823166665333,0.008461158595115975
full,CE,0.40769230769230774,0.0,0.3505715530002358,0.0,0.8298642533936652,0.0,0.18823529411764697,0.0,0.022153886968424397,0.0,0.024016076375115897,0.0,0.0337399083340854,0.0,0.0359021629149087,0.0,1.375394395502169,0.0,0.7052206654371674,0.0,0.1438809450948072,0.0,0.1009049773755656,0.0,1.4515552880000087,0.023780874512879323
full,CE+TS,0.40769230769230774,0.0,0.3505715530002358,0.0,0.8298642533936652,0.0,0.18823529411764697,0.0,0.0148100201208858,0.008280476072143996,0.023153254326002865,0.011591998218307194,0.023747026576200966,0.003746246064345976,0.0349343611855289,0.0050062423071788745,1.3685770354480595,0.0012672722099262882,0.7042983312426044,0.00026412251914136183,0.14113283509134178,0.0008490307582433622,0.1009049773755656,0.0,1.4515552880000087,0.023780874512879323
full,CE-MAE,0.40708898944193067,0.0002612444656966623,0.3605045288470641,0.017660804379913325,0.8292609351432881,0.0018287112598767163,0.18552036199095015,0.004702400382539941,0.04310741387645323,0.0370735712394275,0.044484545099164906,0.03623369165766763,0.0526370338695946,0.03079467016650015,0.05444737805417957,0.030185052562391554,1.381022502616515,0.009748514265295617,0.7097864254346119,0.007908613916158923,0.14136839749719884,0.00435215182143422,0.11749622926093513,0.027953157829542975,1.876250376000068,0.957486983202112
full,CE-median,0.35384615384615375,0.0,0.2792074779315585,0.0,0.8022624434389142,0.0,0.1420814479638009,0.0,0.022153886968424397,0.0,0.024016076375115897,0.0,0.0337399083340854,0.0,0.0359021629149087,0.0,1.375394395502169,0.0,0.7052206654371674,0.0,0.1438809450948072,0.0,0.41990950226244345,0.0,1.4515552880000087,0.023780874512879323
full,Cumulative,0.411764705882353,0.0,0.3293157954640391,0.0,0.7832579185520362,0.0,0.1570135746606334,0.0,0.0252915510511256,0.0,0.0254148637956045,0.0,0.0252915510511256,0.0,0.027205473735546503,0.0,1.370241624213654,0.0,0.7027276211941533,0.0,0.1426825334033673,0.0,0.1153846153846153,0.0,0.46210049066667125,0.09059069412793017
full,DP1,0.40950226244343896,0.0,0.3497508056500401,0.0,0.8190045248868779,0.0,0.1828054298642533,0.0,0.0045585090553256,0.0,0.0139960545408614,0.0,0.0301917665680195,0.0,0.0325599015119999,0.0,1.362943568360248,0.0,0.7022108780010794,0.0,0.1409961364137159,0.0,0.1076923076923077,0.0,1.7341292716666885,0.3233349996645908
full,DP1+TS,0.40950226244343896,0.0,0.3497508056500401,0.0,0.8190045248868779,0.0,0.1828054298642533,0.0,0.015190211960183131,0.009433580863954915,0.027609181954201565,0.011030096960433569,0.027104355950838432,0.0029075522693861027,0.037393092462852835,0.005580478753873819,1.3615978050237587,0.0011267817022178861,0.7025373973936605,0.00033687060490844947,0.1401135354026854,0.0007668038596505427,0.1076923076923077,0.0,1.7341292716666885,0.3233349996645908
full,DP2,0.41040723981900457,0.0,0.3427157619227125,0.0,0.8031674208144798,0.0,0.171945701357466,0.0,0.006559524218132401,0.0,0.0177416644776727,0.0,0.0213930023646878,0.0,0.0335036328633021,0.0,1.3588369893516827,0.0,0.7018325719634247,0.0,0.1402938785575739,0.0,0.1199095022624434,0.0,1.7771621989999555,0.07614540897064163
full,DP2+TS,0.41040723981900457,0.0,0.3427157619227125,0.0,0.8031674208144798,0.0,0.171945701357466,0.0,0.014343144401654268,0.009816111706491304,0.02738479150585027,0.009149842144649395,0.02228834545177483,0.003551582911044945,0.04110177036928273,0.007371445890157596,1.358351198241288,0.0008774974335237208,0.7022078266312534,0.0003692574166372507,0.13976558594035657,0.0006908971362471619,0.1199095022624434,0.0,1.7771621989999555,0.07614540897064163
full,DP2-NLL,0.41040723981900457,0.0,0.3427157619227125,0.0,0.8031674208144798,0.0,0.171945701357466,0.0,0.0065623268326339,0.0,0.0177456454475894,0.0,0.021391832553467504,0.0,0.0335038045720217,0.0,1.3588301834696026,0.0,0.7018297638433091,0.0,0.1402929343409086,0.0,0.1199095022624434,0.0,1.5512091769999188,0.133257844667615
full,DP2-fixed,0.40995475113122176,0.0,0.3500109012833061,0.0,0.8217194570135747,0.0,0.1846153846153846,0.0,0.0164699552374961,0.0,0.0189479432041897,0.0,0.0318440475596519,0.0,0.0375060038772405,0.0,1.369094562058961,0.0,0.7036926263900649,0.0,0.1426469010270806,0.0,0.10542986425339358,0.0,1.7587607550000637,0.16148622157342618
full,LS,0.40950226244343896,0.0,0.352471767546853,0.0,0.8271493212669684,0.0,0.18778280542986417,0.0,0.0438748484033796,0.0,0.0444020250591172,0.0,0.0444020250591173,0.0,0.05012626335868111,0.0,1.384839695005877,0.0,0.7080192127265207,0.0,0.1461550664532326,0.0,0.0990950226244343,0.0,1.5592475336666212,0.06385614231594881
full,LS+TS,0.40950226244343896,0.0,0.352471767546853,0.0,0.8271493212669684,0.0,0.18778280542986417,0.0,0.014534612566970632,0.006867691218805621,0.022398448913329,0.011047046651898098,0.025767480926048303,0.003845626328682884,0.0356334092533877,0.0037361554504350813,1.3690281921294025,0.0013140697167665922,0.7043242380656047,0.0002833357421457486,0.14107236168444012,0.0008668657173236269,0.0990950226244343,0.0,1.5592475336666212,0.06385614231594881
full,NB,0.39969834087481143,0.0052248893139332465,0.32350302114183016,0.06797828621689982,0.8307692307692308,0.0054861337796299325,0.1819004524886877,0.0015674667941799679,0.05810665361288211,0.03917300043100039,0.06021384311779691,0.035523241147312055,0.06283508165569367,0.03098312282091729,0.06354686186290803,0.03048585845975585,1.4138536527039192,0.017356594440192642,0.7228995391346,0.005125608136775077,0.1415847673009019,0.008963034699477321,0.09849170437405726,0.06452738302707585,0.0036720243332031333,8.624634160311983e-05
full,OLL,0.383710407239819,0.0,0.24971576523098102,0.0,0.790497737556561,0.0,0.1434389140271493,0.0,0.12073355263685788,0.0,0.12073355263685788,0.0,0.12073355263685788,0.0,0.12073355263685788,0.0,11.712994067472357,0.0,0.8277942529204027,0.0,0.1660073684647096,0.0,0.151131221719457,0.0,1.6625518953333085,0.18241133819686425
full,OLL+TS,0.383710407239819,0.0,0.24971576523098102,0.0,0.790497737556561,0.0,0.1434389140271493,0.0,0.0841765672643985,1.5506272753598474e-10,0.08417656726439847,1.5506278198167492e-10,0.0841765672643985,1.5506272753598474e-10,0.08417656726439847,1.5506278198167492e-10,1.6975657632319259,6.553892035672442e-10,0.815543145903102,1.0852126262775861e-10,0.18956015662369552,1.5650605799663983e-11,0.151131221719457,0.0,1.6625518953333085,0.18241133819686425
full,OLL-reg,0.3,0.0,0.21165438311329962,0.0,0.8868778280542986,0.0,0.1723981900452488,0.0,0.087677502333961,0.0,0.087677502333961,0.0,0.087677502333961,0.0,0.087677502333961,0.0,5.649091707571325,0.0,0.8557344485612882,0.0,0.1891428236131083,0.0,0.5497737556561086,0.0,0.3019679909999316,0.024023902631592785
full,OLL-reg+TS,0.3,0.0,0.21165438311329962,0.0,0.8868778280542986,0.0,0.1723981900452488,0.0,0.044513215565301634,1.370570704628606e-09,0.044513215565301634,1.370570704628606e-09,0.044513215565301634,1.370570704628606e-09,0.044513215565301634,1.370570704628606e-09,1.5995334033371928,1.3564489314012026e-09,0.7953186033028407,4.016822507869657e-10,0.18675095814946396,7.147195962304214e-11,0.5497737556561086,0.0,0.3019679909999316,0.024023902631592785
